billing_id,customer_name
cus_NZZ7w8q3d2q6zF,Customer test 15
cus_NZZ7Tn35lktwpA,Customer test 14
cus_NZZ7xShTgBCm23,Customer test 13
cus_NZZ7fKphsOshTq,Customer test 12
cus_NZZ7FOakgu8oAx,Customer test 11
cus_NZZ76oA0xsdGtm,Customer test 10
cus_NZZ7PnXo6XNyyo,Customer test 9
cus_NZZ7OQxS0qT8fO,Customer test 8
cus_NZZ7tLGRzMg5Jt,Customer test 7
cus_NZZ7mGuS3zU5Hi,Customer test 6
cus_NZZ7YOwiCJg0cP,Customer test 4
cus_NZZ7YlxU6DglB7,Customer test 5
cus_NZZ7LaqU7H006n,Customer test 3
cus_NZZ7RiBinl2cET,Customer test 2
cus_NZZ7iL3TaN0vwq,Customer test 1
